<keymap version="1" name="macOS copy" parent="Mac OS X 10.5+">
  <action id="$LRU">
    <keyboard-shortcut first-keystroke="alt o" />
  </action>
  <action id="ActivateBookmarksToolWindow">
    <keyboard-shortcut first-keystroke="meta 3" />
  </action>
  <action id="ActivateDebugToolWindow" />
  <action id="ActivateFindToolWindow" />
  <action id="ActivateMavenToolWindow">
    <keyboard-shortcut first-keystroke="meta back_quote" />
  </action>
  <action id="ActivateRunToolWindow" />
  <action id="ActivateServicesToolWindow">
    <keyboard-shortcut first-keystroke="meta 2" />
  </action>
  <action id="ActivateStructureToolWindow">
    <keyboard-shortcut first-keystroke="meta 5" />
  </action>
  <action id="Back">
    <keyboard-shortcut first-keystroke="meta open_bracket" />
    <mouse-shortcut keystroke="button4" />
    <keyboard-shortcut first-keystroke="ctrl meta left" />
    <keyboard-shortcut first-keystroke="ctrl meta a" />
    <keyboard-shortcut first-keystroke="meta alt left" />
    <keyboard-shortcut first-keystroke="meta alt a" />
  </action>
  <action id="ChangesView.AddUnversioned" />
  <action id="CollapseDocComments">
    <keyboard-shortcut first-keystroke="ctrl meta minus" />
  </action>
  <action id="Console.TableResult.NavigateForeignAction">
    <mouse-shortcut keystroke="meta button1" />
    <mouse-shortcut keystroke="Force touch" />
    <mouse-shortcut keystroke="button2" />
    <keyboard-shortcut first-keystroke="meta alt b" />
  </action>
  <action id="Console.TableResult.SetDefault" />
  <action id="ConsoleView.ClearAll">
    <keyboard-shortcut first-keystroke="meta back_slash" />
  </action>
  <action id="Diagram.DeselectAll" />
  <action id="Diff.ApplyLeftSide" />
  <action id="Diff.ApplyRightSide" />
  <action id="DuplicatesForm.SendToRight" />
  <action id="EditSource">
    <keyboard-shortcut first-keystroke="meta down" />
    <keyboard-shortcut first-keystroke="f4" />
    <keyboard-shortcut first-keystroke="alt d" />
  </action>
  <action id="Editor LRU">
    <keyboard-shortcut first-keystroke="alt o" />
  </action>
  <action id="FileChooser.GotoModule" />
  <action id="FileChooser.GotoProject" />
  <action id="FileChooser.TogglePathShowing" />
  <action id="Forward">
    <keyboard-shortcut first-keystroke="meta close_bracket" />
    <mouse-shortcut keystroke="button5" />
    <keyboard-shortcut first-keystroke="ctrl meta right" />
    <keyboard-shortcut first-keystroke="ctrl meta s" />
    <keyboard-shortcut first-keystroke="meta alt right" />
    <keyboard-shortcut first-keystroke="meta alt d" />
    <keyboard-shortcut first-keystroke="meta alt s" />
  </action>
  <action id="Git.Branches">
    <keyboard-shortcut first-keystroke="alt b" />
  </action>
  <action id="Git.MainMenu.MergeActions">
    <keyboard-shortcut first-keystroke="alt m" />
  </action>
  <action id="Git.Merge">
    <keyboard-shortcut first-keystroke="alt m" />
  </action>
  <action id="Git.Stage.Add" />
  <action id="GotoCustomRegion" />
  <action id="GotoDeclaration">
    <mouse-shortcut keystroke="meta button1" />
    <mouse-shortcut keystroke="Force touch" />
    <mouse-shortcut keystroke="button2" />
    <keyboard-shortcut first-keystroke="meta alt b" />
  </action>
  <action id="GotoImplementation">
    <mouse-shortcut keystroke="meta alt button1" />
    <keyboard-shortcut first-keystroke="meta b" />
  </action>
  <action id="HideSideWindows">
    <keyboard-shortcut first-keystroke="escape" />
  </action>
  <action id="Kotlin.RunScratch" />
  <action id="NewClass">
    <keyboard-shortcut first-keystroke="alt n" />
  </action>
  <action id="NextWindow" />
  <action id="PinActiveEditorTab">
    <keyboard-shortcut first-keystroke="ctrl alt p" />
  </action>
  <action id="QuickImplementations">
    <keyboard-shortcut first-keystroke="alt space" />
  </action>
  <action id="SearchEverywhere">
    <keyboard-shortcut first-keystroke="alt s" />
    <keyboard-shortcut first-keystroke="meta s" />
  </action>
  <action id="Vcs.Log.ShowAllAffected" />
  <action id="Vcs.ShowTabbedFileHistory">
    <keyboard-shortcut first-keystroke="meta alt h" />
  </action>
  <action id="VcsHistory.ShowAllAffected" />
  <action id="XDebugger.MuteBreakpoints">
    <keyboard-shortcut first-keystroke="alt e" />
  </action>
  <action id="hg4idea.add" />
  <action id="org.intellij.plugins.markdown.ui.actions.styling.ToggleBoldAction" />
</keymap>